id,tenant_id,agent_name,agent_version,model_provider,model_name,requested_by_user_id,related_entity_type,related_entity_id,action_type,input_json,output_json,prompt_hash,confidence_score,human_review_required,human_reviewed_by,human_reviewed_at,status,created_at
a294da9e-ecdf-4fa0-8090-297938ba858d,c5d2f057-6262-4275-8ba9-16d9617ce128,business_case_agent,v1,anthropic,claude-sonnet-5,77280a54-1930-4ac9-b67a-5cf4bb6fe002,project,d7a95c85-6e9f-4ca2-8d32-fe91ab37947b,draft_business_case,"{""roi"": 260, ""cost"": 2500000, ""name"": ""Calidad de datos maestros"", ""benefit"": 9000000}","{""text"": ""# Caso de Negocio: Calidad de Datos Maestros\n\n## Problema\nLa organización carece de un gobierno adecuado sobre sus datos maestros, lo que genera inconsistencias, duplicidades y baja confiabilidad en la información utilizada para la toma de decisiones comerciales y operativas.\n\n## Objetivo\nImplementar un programa de gobierno y limpieza de datos maestros que asegure la calidad, consistencia e integridad de la información crítica del negocio.\n\n## Beneficios Esperados\n- Mejora en la confiabilidad de los datos para procesos comerciales y operativos.\n- Reducción de errores derivados de información duplicada o inconsistente.\n- Beneficio económico estimado: **$9.000.000**.\n\n## ROI (Retorno de Inversión)\n| Concepto | Monto |\n|---|---|\n| Beneficio estimado | $9.000.000 |\n| Costo estimado | $2.500.000 |\n| **ROI calculado** | **260%** |\n\nPor cada peso invertido en este proyecto, se espera un retorno de **2,6 pesos adicionales**, lo que representa una relación beneficio-costo altamente favorable (3,6x el costo total).\n\n## Riesgos\n- No se cuenta con información específica sobre la unidad de negocio afectada ni el incidente que originó la iniciativa, lo cual limita la trazabilidad del caso de negocio y podría dificultar la justificación detallada ante el comité.\n- Ausencia de detalle sobre el alcance exacto de \""limpieza y gobierno de datos\"" podría generar desviaciones en costos o tiempos si no se define un plan de trabajo detallado.\n\n## Recomendación\nDado el ROI proyectado de **260%**, se recomienda **aprobar la iniciativa**, condicionando su ejecución a la definición previa de:\n1. La unidad de negocio directamente beneficiada.\n2. El alcance específico del proyecto (fuentes de datos, dominios maestros a intervenir).\n3. Indicadores de seguimiento para validar el cumplimiento del beneficio estimado."", ""usage"": {""input"": 247, ""output"": 716}}",,,true,,,completed,2026-07-11T03:19:05.375371+00:00
47a9f4e5-2c54-4cbf-889b-94f96649147f,c5d2f057-6262-4275-8ba9-16d9617ce128,classifier_agent,v1,anthropic,claude-sonnet-5,77280a54-1930-4ac9-b67a-5cf4bb6fe002,incident,065bb219-3645-4af4-82ea-4b1b7a699900,classify_category,"{""title"": ""Error recurrente de conciliacion Prisma-SAC"", ""current_category"": ""reconciliation""}","{""usage"": {""input"": 545, ""output"": 72}, ""matched"": true, ""confidence"": 95, ""suggested_code"": ""RECONCILIATION""}",,,true,,,completed,2026-07-11T03:38:45.232647+00:00
3b781335-7b47-464a-8cd7-c1c56005f05d,c5d2f057-6262-4275-8ba9-16d9617ce128,rca_agent,v1,anthropic,claude-sonnet-5,77280a54-1930-4ac9-b67a-5cf4bb6fe002,incident,065bb219-3645-4af4-82ea-4b1b7a699900,suggest_rca,"{""title"": ""Error recurrente de conciliacion Prisma-SAC"", ""category"": ""reconciliation""}","{""text"": ""Causa raiz probable:\nLa recurrencia de 12 incidentes en 30 dias en la conciliacion diaria entre Prisma y SAC sugiere una falla sistemica y no un evento aislado, indicando un problema de fondo no resuelto en el proceso o la integracion entre ambas aplicaciones que continua generando diferencias en cada corrida.\n\nAcciones correctivas:\n- Escalar el caso a nivel de Problema (Problem Management), dado que la recurrencia indica que las soluciones aplicadas hasta ahora fueron paliativas y no atacaron la causa de fondo.\n- Realizar un analisis comparativo de los 12 incidentes registrados en los ultimos 30 dias para identificar patrones comunes (mismo tipo de diferencia, mismo horario de conciliacion, mismos registros afectados).\n- Solicitar al equipo tecnico responsable de Prisma una revision del proceso de conciliacion diaria contra SAC, enfocandose en los puntos donde se detectaron las diferencias reiteradas.\n- Documentar cada nueva ocurrencia con el detalle especifico de la diferencia encontrada (monto, registro, origen) para enriquecer el analisis de causa raiz.\n- Definir un responsable formal del seguimiento del problema hasta su cierre definitivo, evitando que se seguan registrando incidentes individuales sin resolucion de fondo.\n- Una vez identificada la causa especifica, implementar la correccion en el proceso o integracion y validar con un periodo de monitoreo posterior (por ejemplo, 15-30 dias) para confirmar la eliminacion de la recurrencia."", ""usage"": {""input"": 261, ""output"": 615}}",,,true,,,completed,2026-07-11T03:39:10.81197+00:00
e624cba6-56bc-4259-8f0e-15ceaadb99eb,c5d2f057-6262-4275-8ba9-16d9617ce128,exec_summary_agent,v1,anthropic,claude-sonnet-5,77280a54-1930-4ac9-b67a-5cf4bb6fe002,incident,065bb219-3645-4af4-82ea-4b1b7a699900,exec_summary,"{""incident_number"": ""INC-2026-000003""}","{""text"": ""**RESUMEN EJECUTIVO — INC-2026-000003**\n\n**Situación:** Error recurrente en la conciliación diaria entre Prisma y SAC, con 12 incidentes registrados en los últimos 30 días (categoría: reconciliation).\n\n**Impacto:** Prioridad P1 crítica, con impacto financiero estimado de $1,500,000 y score de transformación de 87 puntos.\n\n**Estado actual:** Ticket triado (triaged), con decisión ya aprobada para pasar a evolución (approved_to_evolution).\n\n**Próximo paso:** Iniciar el proceso de evolución/remediación definitiva sobre Prisma para eliminar la causa raíz de las diferencias de conciliación y detener la recurrencia de incidentes."", ""usage"": {""input"": 267, ""output"": 296}}",,,false,,,completed,2026-07-11T03:39:52.714494+00:00
69518c87-5875-4c56-b4dc-dc38f0766288,c5d2f057-6262-4275-8ba9-16d9617ce128,portal_assist_agent,v1,anthropic,claude-sonnet-5,77280a54-1930-4ac9-b67a-5cf4bb6fe002,portal_query,,self_service_assist,"{""query"": ""ingresar la clave en CredixNexus"", ""kb_matches"": [""KB-2026-000005""], ""case_matches"": []}","{""usage"": {""input"": 679, ""output"": 172}, ""resolved"": false, ""confidence"": 40, ""suggested_category"": ""ACCESS""}",,,true,,,completed,2026-07-11T20:37:45.702169+00:00
362b6526-5421-41c4-bafb-af8ed2f1f292,c5d2f057-6262-4275-8ba9-16d9617ce128,portal_assist_agent,v1,anthropic,claude-sonnet-5,271ae13b-56ee-434d-a237-a6792dfbaaa8,portal_query,,self_service_assist,"{""query"": ""me da error al registrar proveedor nuevo en cuentas por pagar en exactus"", ""kb_matches"": [""KB-2026-000005"", ""KB-2026-000003"", ""KB-2026-000001""], ""case_matches"": []}","{""usage"": {""input"": 792, ""output"": 238}, ""resolved"": false, ""confidence"": 30, ""suggested_category"": ""APPLICATION""}",,,true,,,completed,2026-07-12T00:13:12.748029+00:00
b94c2d3c-c790-4101-934f-3b7865ee702d,c5d2f057-6262-4275-8ba9-16d9617ce128,portal_assist_agent,v1,anthropic,claude-sonnet-5,271ae13b-56ee-434d-a237-a6792dfbaaa8,portal_query,,self_service_assist,"{""query"": ""exactus error en el sistema"", ""kb_matches"": [""KB-2026-000005"", ""KB-2026-000002"", ""KB-2026-000003""], ""case_matches"": []}","{""usage"": {""input"": 777, ""output"": 446}, ""resolved"": false, ""confidence"": 30, ""suggested_category"": ""APPLICATION""}",,,true,,,completed,2026-07-12T00:16:50.31912+00:00
a7b12003-ad6a-40ea-a3ea-959d30575d32,c5d2f057-6262-4275-8ba9-16d9617ce128,portal_assist_agent,v1,anthropic,claude-sonnet-5,271ae13b-56ee-434d-a237-a6792dfbaaa8,portal_query,,self_service_assist,"{""query"": ""tengo problemas al entrar a la red"", ""kb_matches"": [""KB-2026-000002""], ""case_matches"": []}","{""usage"": {""input"": 682, ""output"": 209}, ""resolved"": false, ""confidence"": 55, ""suggested_category"": ""ACCESS""}",,,true,,,completed,2026-07-12T00:40:33.323935+00:00
a3ff6dd2-9e33-435b-9da7-bf0edccc590f,c5d2f057-6262-4275-8ba9-16d9617ce128,business_case_agent,v1,anthropic,claude-sonnet-5,bca6e351-fd9c-4d07-ae51-d70bcb39c8ca,project,eeed5449-b76c-458f-b125-263cfa788456,draft_business_case,"{""roi"": 243, ""cost"": 3500000, ""name"": ""Mejora de cobranza Autocartera"", ""benefit"": 12000000}","{""text"": ""# Caso de Negocio: Mejora de Cobranza Autocartera\n\n## Problema\nLa gestión de cobro dentro de la unidad de negocio de **Cobranza** se realiza actualmente de forma manual, lo que representa oportunidades de mejora en eficiencia, consistencia y efectividad del proceso de recuperación de cartera propia (Autocartera).\n\n## Objetivo\nAutomatizar la gestión de cobro de Autocartera, optimizando el proceso actual mediante la implementación de soluciones tecnológicas que reduzcan la intervención manual y mejoren los resultados de recaudo.\n\n## Beneficios Esperados\n- **Beneficio estimado:** $12.000.000\n- Optimización del proceso de gestión de cobro mediante automatización\n- Mejora en la eficiencia operativa de la unidad de Cobranza\n\n## ROI (Retorno de Inversión)\n\n| Concepto | Valor |\n|---|---|\n| Beneficio estimado | $12.000.000 |\n| Costo estimado | $3.500.000 |\n| **ROI calculado** | **243%** |\n\n**Interpretación:** Por cada peso invertido en el proyecto, se espera un retorno de $2,43 adicionales, lo que significa que el beneficio estimado triplica ampliamente el costo de implementación. Esta relación beneficio-costo (12.000.000 / 3.500.000 ≈ 3,43x) evidencia una inversión altamente rentable para la organización.\n\n## Riesgos\n- **Incidente origen:** No disponible (n/d) — se recomienda documentar el origen o motivador del proyecto para dar mayor trazabilidad y justificación al caso de negocio.\n- No se cuenta con información adicional sobre riesgos de implementación, adopción tecnológica o dependencias operativas, por lo que se sugiere profundizar este análisis antes de la ejecución.\n\n## Recomendación\nSe recomienda **aprobar la ejecución del proyecto**, dado que el ROI calculado (243%) refleja una relación beneficio-costo favorable y significativa. Se sugiere complementar el caso de negocio con:\n1. Identificación clara del incidente o necesidad que origina el proyecto.\n2. Un análisis de riesgos más detallado antes de la fase de implementación."", ""usage"": {""input"": 249, ""output"": 784}}",,,true,,,completed,2026-07-12T01:43:00.913753+00:00
d1259150-3ca2-4aaf-999c-80e43bfaf6ad,c5d2f057-6262-4275-8ba9-16d9617ce128,portal_assist_agent,v1,anthropic,claude-sonnet-5,271ae13b-56ee-434d-a237-a6792dfbaaa8,portal_query,,self_service_assist,"{""query"": ""exactus uno\n"", ""kb_matches"": [], ""case_matches"": []}","{""usage"": {""input"": 633, ""output"": 201}, ""resolved"": false, ""confidence"": 10, ""suggested_category"": null}",,,true,,,completed,2026-07-12T02:08:36.7985+00:00
2913838d-a6cb-48b1-a1a9-4601f60b79c9,c5d2f057-6262-4275-8ba9-16d9617ce128,classifier_agent,v1,anthropic,claude-sonnet-5,f6b0833a-b963-4d66-aa46-fb28c55bd39d,incident,80095564-af66-497f-b2c9-950b75be738d,classify_category,"{""title"": ""No puedo cargar documentos de onboarding"", ""current_category"": ""onboarding""}","{""usage"": {""input"": 519, ""output"": 56}, ""matched"": true, ""confidence"": 85, ""suggested_code"": ""ONBOARDING""}",,,true,,,completed,2026-07-12T02:10:39.461377+00:00
3b49827e-b8bf-4115-b98e-83c389ccc498,c5d2f057-6262-4275-8ba9-16d9617ce128,sentiment_agent,v1,anthropic,claude-sonnet-5,f6b0833a-b963-4d66-aa46-fb28c55bd39d,incident,80095564-af66-497f-b2c9-950b75be738d,analyze_sentiment,"{""title"": ""No puedo cargar documentos de onboarding""}","{""usage"": {""input"": 249, ""output"": 183}, ""urgency"": ""medium"", ""sentiment"": ""neutral""}",,,true,,,completed,2026-07-12T02:10:48.42797+00:00
eecab13f-73eb-411d-aff5-5e03c8603592,c5d2f057-6262-4275-8ba9-16d9617ce128,similar_agent,v1,anthropic,claude-sonnet-5,f6b0833a-b963-4d66-aa46-fb28c55bd39d,incident,80095564-af66-497f-b2c9-950b75be738d,find_similar,"{""title"": ""No puedo cargar documentos de onboarding"", ""candidate_count"": 4}","{""usage"": {""input"": 289, ""output"": 422}, ""matches"": [""INC-2026-000001"", ""INC-2026-000013"", ""INC-2026-000012""]}",,,true,,,completed,2026-07-12T02:10:59.116871+00:00
70ca53fc-06bf-41ea-ad61-5d4ba3956f36,c5d2f057-6262-4275-8ba9-16d9617ce128,knowledge_agent,v1,anthropic,claude-sonnet-5,f6b0833a-b963-4d66-aa46-fb28c55bd39d,incident,4c42aca7-bd2a-4cac-946c-0cfb9ae9e532,draft_kb,"{""title"": ""API de pagos caida - sin procesamiento"", ""category"": ""API_FAILURE""}","{""text"": ""# API de Pagos Caída (VPOS) - Sin Procesamiento de Transacciones\n\n## Síntoma\nLa API del procesador de pagos de la aplicación VPOS no responde. Las transacciones no son procesadas y quedan acumuladas en cola, afectando la operatividad del sistema de pagos.\n\n## Causa\nNo documentada. Se requiere investigación adicional para determinar el origen del fallo en próximas ocurrencias.\n\n## Solución\nDado que no se cuenta con una causa raíz ni resolución documentada, se recomiendan los siguientes pasos generales de diagnóstico:\n\n1. **Verificar el estado del servicio API**\n   - Confirmar si el proceso/servicio de la API de VPOS está activo en el servidor correspondiente.\n   - Revisar el estado de los pods/contenedores si la aplicación está desplegada en un entorno contenerizado.\n\n2. **Revisar logs de la aplicación**\n   - Consultar los logs de VPOS en busca de errores, excepciones o timeouts recientes.\n   - Verificar logs del balanceador de carga o gateway de API si aplica.\n\n3. **Comprobar conectividad de red**\n   - Validar conectividad entre VPOS y el procesador de pagos externo.\n   - Verificar reglas de firewall, DNS y certificados SSL/TLS que puedan estar bloqueando la comunicación.\n\n4. **Validar estado de dependencias**\n   - Revisar el estado de la base de datos asociada a VPOS.\n   - Confirmar disponibilidad de servicios externos o terceros (procesador de pagos, gateways).\n\n5. **Revisar la cola de transacciones**\n   - Inspeccionar el sistema de colas para identificar el volumen de transacciones pendientes.\n   - Evaluar si es necesario reprocesar manualmente las transacciones en cola una vez restablecido el servicio.\n\n6. **Reiniciar el servicio (si corresponde)**\n   - Si no se identifica una causa clara y el servicio permanece caído, considerar un reinicio controlado de la API, documentando el estado previo.\n\n7. **Escalar si el problema persiste**\n   - Si los pasos anteriores no resuelven el incidente, escalar al equipo de infraestructura o al proveedor del procesador de pagos.\n\n8. **Documentar hallazgos**\n   - Registrar cualquier hallazgo durante el diagnóstico (logs relevantes, mensajes de error, hora de inicio/fin del incidente) para enriquecer esta base de conocimiento.\n\n## Prevención\n- Implementar monitoreo proactivo (health checks) sobre la API de pagos de VPOS con alertas tempranas ante caídas o degradación del servicio.\n- Establecer mecanismos de reintento y tolerancia a fallos (circuit breaker) para evitar acumulación descontrolada de transacciones en cola.\n- Configurar alertas sobre el crecimiento anómalo de la cola de transacciones.\n- Documentar causa raíz y resolución en futuras ocurrencias de este incidente para mejorar tiempos de respuesta.\n- Realizar pruebas periódicas de conectividad y disponibilidad con el procesador de pagos externo."", ""usage"": {""input"": 281, ""output"": 1101}}",,,true,,,completed,2026-07-12T03:18:01.970868+00:00
f4f8b48e-50d5-408a-8d57-975afed866f0,c5d2f057-6262-4275-8ba9-16d9617ce128,portal_assist_agent,v1,anthropic,claude-sonnet-5,271ae13b-56ee-434d-a237-a6792dfbaaa8,portal_query,,self_service_assist,"{""query"": ""estoy generando un asiento en exactus y me da error"", ""kb_matches"": [""KB-2026-000005""], ""case_matches"": []}","{""usage"": {""input"": 682, ""output"": 205}, ""resolved"": false, ""confidence"": 30, ""suggested_category"": ""APPLICATION""}",,,true,,,completed,2026-07-13T17:18:51.172779+00:00
1415dd5f-c47d-4ae6-b350-9bca26a7f0a5,c5d2f057-6262-4275-8ba9-16d9617ce128,business_case_agent,v1,anthropic,claude-sonnet-5,bca6e351-fd9c-4d07-ae51-d70bcb39c8ca,project,8469dceb-4311-4c0a-a5b0-0b093858e982,draft_business_case,"{""roi"": 450, ""cost"": 4000000, ""name"": ""Estabilizacion de pagos VPOS"", ""benefit"": 22000000}","{""text"": ""# Caso de Negocio: Estabilización de Pagos VPOS\n\n**Unidad de negocio:** Medios de pago\n**Dirigido a:** Comité / Responsable Comercial\n\n---\n\n## 1. Problema\n\nLos pagos procesados a través de VPOS presentan **timeouts intermitentes**, generando fallas en la experiencia de pago de los usuarios. Esta inestabilidad afecta directamente la confiabilidad del servicio de medios de pago, con impacto potencial en conversión de transacciones, satisfacción del cliente y continuidad operativa.\n\n## 2. Objetivo\n\nEliminar los timeouts intermitentes en el procesamiento de pagos VPOS, garantizando estabilidad y disponibilidad en las transacciones de la unidad de Medios de Pago.\n\n## 3. Beneficios Esperados\n\n- **Beneficio estimado:** $22.000.000\n- Mejora en la estabilidad y confiabilidad del servicio de pagos.\n- Reducción de fallas transaccionales atribuibles a timeouts.\n- Fortalecimiento de la experiencia del cliente en el punto de pago.\n\n## 4. ROI\n\n| Concepto | Valor |\n|---|---|\n| Beneficio estimado | $22.000.000 |\n| Costo estimado | $4.000.000 |\n| **ROI calculado** | **450%** |\n\n**Interpretación:** Por cada peso invertido en este proyecto, se estima un retorno de $4,5 adicionales. El beneficio proyectado supera en 5,5 veces el costo de implementación, lo que representa una relación costo-beneficio altamente favorable para la unidad de Medios de Pago.\n\n## 5. Riesgos\n\n- No se cuenta con un incidente origen documentado (n/d), lo que limita la trazabilidad de la causa raíz y podría requerir un diagnóstico adicional previo a la ejecución.\n- Las cifras de beneficio son estimadas; su materialización depende de la correcta implementación y de la ausencia de nuevas variables no consideradas en el cálculo.\n\n## 6. Recomendación\n\nSe recomienda **aprobar la ejecución del proyecto**, dado el ROI de 450% y la magnitud del beneficio estimado frente al costo. Se sugiere, en paralelo, **documentar el incidente origen** para robustecer el seguimiento y la justificación del caso ante futuras auditorías o reportes de gestión."", ""usage"": {""input"": 257, ""output"": 832}}",,,true,,,completed,2026-07-13T17:36:05.82233+00:00
7073f874-15d8-4792-bd74-694f7d7a83de,c5d2f057-6262-4275-8ba9-16d9617ce128,business_case_agent,v1,anthropic,claude-sonnet-5,bca6e351-fd9c-4d07-ae51-d70bcb39c8ca,project,d7a95c85-6e9f-4ca2-8d32-fe91ab37947b,draft_business_case,"{""roi"": 260, ""cost"": 2500000, ""name"": ""Calidad de datos maestros"", ""benefit"": 9000000}","{""text"": ""# Caso de Negocio: Proyecto de Calidad de Datos Maestros\n\n**Unidad de negocio:** CDC\n**Dirigido a:** Comité / Responsable Comercial\n\n---\n\n## 1. Problema\n\nLa unidad de negocio CDC presenta deficiencias en el gobierno y calidad de sus datos maestros, lo que compromete la integridad, consistencia y confiabilidad de la información utilizada en los procesos del negocio.\n\n---\n\n## 2. Objetivo\n\nImplementar un proyecto de transformación orientado al **gobierno y limpieza de datos maestros**, estableciendo controles y procesos que garanticen la calidad, consistencia y confiabilidad de la información a lo largo de su ciclo de vida.\n\n---\n\n## 3. Beneficios esperados\n\n- Mejora en la calidad y confiabilidad de los datos maestros de la unidad CDC.\n- Reducción de errores derivados de inconsistencias en la información.\n- Base de datos más robusta para la toma de decisiones comerciales.\n- **Beneficio estimado:** $9.000.000\n\n---\n\n## 4. ROI\n\n| Concepto | Monto |\n|---|---|\n| Beneficio estimado | $9.000.000 |\n| Costo estimado | $2.500.000 |\n| **ROI calculado** | **260%** |\n\n**Interpretación:** Por cada peso invertido en el proyecto, se espera un retorno de $3,6 (beneficio/costo = 3,6x), lo que representa una ganancia neta estimada de $6.500.000 sobre la inversión. Este ROI de 260% indica un retorno altamente favorable, superando ampliamente el costo del proyecto.\n\n---\n\n## 5. Riesgos\n\n- No se cuenta con un incidente origen documentado que respalde la urgencia o el detonante del proyecto, lo cual debe ser clarificado para fortalecer la justificación.\n- Las cifras de beneficio estimado dependen de supuestos que deben validarse antes de la ejecución (no se dispone de detalle adicional sobre su cálculo).\n\n---\n\n## 6. Recomendación\n\nSe recomienda **aprobar la ejecución** del proyecto de Calidad de Datos Maestros en la unidad CDC, dado el ROI positivo de 260% y la relación beneficio-costo favorable (3,6x). Se sugiere, previo a la implementación, **documentar el incidente origen** y **validar los supuestos** detrás de la estimación del beneficio, con el fin de asegurar el seguimiento y control durante la ejecución del proyecto."", ""usage"": {""input"": 247, ""output"": 872}}",,,true,,,completed,2026-07-15T14:53:35.152447+00:00
